{
  "createdAt": "2025-10-28T00:06:21.652Z",
  "totalCases": 11,
  "results": [
    {
      "name": "AntiVEGFKidney",
      "fileName": "antivegfkidney.R",
      "createdAt": "2025-10-27T23:47:30.881Z",
      "savedPath": "public/RScripts_DEEPSEEK_LIGHT/antivegfkidney.R"
    },
    {
      "name": "CEEAMOS",
      "fileName": "ceeamos.R",
      "createdAt": "2025-10-27T23:49:27.727Z",
      "savedPath": "public/RScripts_DEEPSEEK_LIGHT/ceeamos.R"
    },
    {
      "name": "CORAZON",
      "fileName": "corazon.R",
      "createdAt": "2025-10-27T23:51:17.073Z",
      "savedPath": "public/RScripts_DEEPSEEK_LIGHT/corazon.R"
    },
    {
      "name": "COVID19Famotidine",
      "fileName": "covid19famotidine.R",
      "createdAt": "2025-10-27T23:53:01.773Z",
      "savedPath": "public/RScripts_DEEPSEEK_LIGHT/covid19famotidine.R"
    },
    {
      "name": "RanitidineCancer",
      "fileName": "ranitidinecancer.R",
      "createdAt": "2025-10-27T23:54:42.006Z",
      "savedPath": "public/RScripts_DEEPSEEK_LIGHT/ranitidinecancer.R"
    },
    {
      "name": "RapidCycleJanssen",
      "fileName": "rapidcyclejanssen.R",
      "createdAt": "2025-10-27T23:56:29.264Z",
      "savedPath": "public/RScripts_DEEPSEEK_LIGHT/rapidcyclejanssen.R"
    },
    {
      "name": "SemaglutideandNAION",
      "fileName": "semaglutideandnaion.R",
      "createdAt": "2025-10-27T23:58:18.021Z",
      "savedPath": "public/RScripts_DEEPSEEK_LIGHT/semaglutideandnaion.R"
    },
    {
      "name": "StrokeRisk",
      "fileName": "strokerisk.R",
      "createdAt": "2025-10-28T00:00:19.562Z",
      "savedPath": "public/RScripts_DEEPSEEK_LIGHT/strokerisk.R"
    },
    {
      "name": "TicagrelorClopidogrel",
      "fileName": "ticagrelorclopidogrel.R",
      "createdAt": "2025-10-28T00:02:24.825Z",
      "savedPath": "public/RScripts_DEEPSEEK_LIGHT/ticagrelorclopidogrel.R"
    },
    {
      "name": "TramadolCodein",
      "fileName": "tramadolcodein.R",
      "createdAt": "2025-10-28T00:04:21.611Z",
      "savedPath": "public/RScripts_DEEPSEEK_LIGHT/tramadolcodein.R"
    },
    {
      "name": "UveitisSafety",
      "fileName": "uveitissafety.R",
      "createdAt": "2025-10-28T00:06:21.652Z",
      "savedPath": "public/RScripts_DEEPSEEK_LIGHT/uveitissafety.R"
    }
  ]
}